股票代码,股票名称,日期,开盘,收盘,最高,最低,成交量,成交额,振幅,涨跌幅,涨跌额,换手率
000550,江铃汽车,2024-01-02,17.66,17.66,17.88,17.56,59116,113099560.08,1.81,0.11,0.02,1.14
000550,江铃汽车,2024-01-03,17.6,17.65,17.76,17.34,52775,100065973.48,2.38,-0.06,-0.01,1.02
000550,江铃汽车,2024-01-04,17.8,17.56,18.2,17.47,84068,160766743.32,4.14,-0.51,-0.09,1.62
000550,江铃汽车,2024-01-05,17.81,17.73,18.26,17.56,150179,289649898.13,3.99,0.97,0.17,2.9
000550,江铃汽车,2024-01-08,17.78,17.15,17.78,16.91,92357,172452950.48,4.91,-3.27,-0.58,1.78
000550,江铃汽车,2024-01-09,17.25,18.22,18.22,17.25,148115,285488219.22,5.66,6.24,1.07,2.86
000550,江铃汽车,2024-01-10,17.96,18.11,18.47,17.16,182893,353719409.02,7.19,-0.6,-0.11,3.53
000550,江铃汽车,2024-01-11,17.87,18.72,18.99,17.49,152205,301763266.56,8.28,3.37,0.61,2.94
000550,江铃汽车,2024-01-12,18.71,18.47,18.92,18.46,88791,177686047.78,2.46,-1.34,-0.25,1.71
000550,江铃汽车,2024-01-15,18.34,18.62,18.65,18.2,69149,137432986.73,2.44,0.81,0.15,1.33
000550,江铃汽车,2024-01-16,18.58,19.81,19.87,18.47,167916,346854292.79,7.52,6.39,1.19,3.24
000550,江铃汽车,2024-01-17,19.84,18.97,19.86,18.95,113362,235518074.57,4.59,-4.24,-0.84,2.19
000550,江铃汽车,2024-01-18,18.63,19.53,19.59,18.5,100079,203531476.44,5.75,2.95,0.56,1.93
000550,江铃汽车,2024-01-19,19.38,19.44,20.3,19.14,113001,238295659.33,5.94,-0.46,-0.09,2.18
000550,江铃汽车,2024-01-22,20.48,21.52,21.52,20.09,199952,452980453.41,7.36,10.7,2.08,3.86
000550,江铃汽车,2024-01-23,20.66,21.31,21.44,20.36,216192,479732214.33,5.02,-0.98,-0.21,4.17
000550,江铃汽车,2024-01-24,20.67,20.52,21.05,19.69,162727,353624548.57,6.38,-3.71,-0.79,3.14
000550,江铃汽车,2024-01-25,20.21,20.72,20.99,20.13,127340,279556799.18,4.19,0.97,0.2,2.46
000550,江铃汽车,2024-01-26,20.61,20.38,21.19,20.34,112222,247645767.2,4.1,-1.64,-0.34,2.16
000550,江铃汽车,2024-01-29,20.12,20.36,20.98,20.12,98527,215389427.5,4.22,-0.1,-0.02,1.9
000550,江铃汽车,2024-01-30,20.0,20.36,20.85,19.87,72873,159179307.73,4.81,0.0,0.0,1.41
000550,江铃汽车,2024-01-31,20.36,19.56,20.36,19.42,84866,180019732.51,4.62,-3.93,-0.8,1.64
000550,江铃汽车,2024-02-01,19.61,19.7,20.19,19.44,68462,145122585.65,3.83,0.72,0.14,1.32
000550,江铃汽车,2024-02-02,19.46,19.17,20.01,18.38,73441,151925563.44,8.27,-2.69,-0.53,1.42
000550,江铃汽车,2024-02-05,18.71,18.94,19.53,18.07,81796,165250579.07,7.62,-1.2,-0.23,1.58
000550,江铃汽车,2024-02-06,18.86,20.53,20.94,18.53,113914,244982563.26,12.72,8.39,1.59,2.2
000550,江铃汽车,2024-02-07,20.51,22.04,22.61,20.51,134785,314438637.66,10.23,7.36,1.51,2.6
000550,江铃汽车,2024-02-08,21.82,21.88,22.36,21.27,128289,297741056.49,4.95,-0.73,-0.16,2.47
000550,江铃汽车,2024-02-19,21.98,21.76,23.28,21.42,156784,368445830.91,8.5,-0.55,-0.12,3.02
000550,江铃汽车,2024-02-20,21.61,21.64,21.76,20.78,118074,266798828.38,4.5,-0.55,-0.12,2.28
000550,江铃汽车,2024-02-21,21.51,21.67,22.35,21.31,108768,252819617.11,4.81,0.14,0.03,2.1
000550,江铃汽车,2024-02-22,21.61,22.06,22.19,21.27,93751,218271946.24,4.25,1.8,0.39,1.81
000550,江铃汽车,2024-02-23,22.01,22.07,22.39,21.49,92172,214530397.0,4.08,0.05,0.01,1.78
000550,江铃汽车,2024-02-26,22.56,23.02,23.49,22.07,167585,406464749.36,6.43,4.3,0.95,3.23
000550,江铃汽车,2024-02-27,22.71,23.99,24.12,22.62,149888,375535534.51,6.52,4.21,0.97,2.89
000550,江铃汽车,2024-02-28,23.41,22.61,23.96,22.61,103957,257500332.34,5.63,-5.75,-1.38,2.01
000550,江铃汽车,2024-02-29,22.71,25.01,25.01,22.67,105113,270358828.28,10.35,10.61,2.4,2.03
000550,江铃汽车,2024-03-01,26.11,25.93,27.25,25.09,254216,694394228.75,8.64,3.68,0.92,4.9
000550,江铃汽车,2024-03-04,25.48,25.76,25.91,25.11,117533,316590978.86,3.09,-0.66,-0.17,2.27
000550,江铃汽车,2024-03-05,25.54,27.38,28.48,25.16,205642,581554949.1,12.89,6.29,1.62,3.97
000550,江铃汽车,2024-03-06,26.6,25.82,26.6,25.21,166952,453251545.11,5.08,-5.7,-1.56,3.22
000550,江铃汽车,2024-03-07,25.41,24.79,25.7,24.67,134561,356270517.29,3.99,-3.99,-1.03,2.6
000550,江铃汽车,2024-03-08,24.86,25.1,25.2,24.5,70960,186840064.17,2.82,1.25,0.31,1.37
000550,江铃汽车,2024-03-11,24.98,25.49,25.7,24.81,110277,295059479.57,3.55,1.55,0.39,2.13
000550,江铃汽车,2024-03-12,25.31,25.35,25.8,24.89,95950,256190046.63,3.57,-0.55,-0.14,1.85
000550,江铃汽车,2024-03-13,25.4,25.71,26.39,25.35,88865,242269696.28,4.1,1.42,0.36,1.71
000550,江铃汽车,2024-03-14,25.5,25.55,26.01,25.21,69505,187515207.82,3.11,-0.62,-0.16,1.34
000550,江铃汽车,2024-03-15,25.28,26.75,26.81,25.27,116240,321977144.16,6.03,4.7,1.2,2.24
000550,江铃汽车,2024-03-18,26.8,27.37,27.57,26.35,109622,311810092.44,4.56,2.32,0.62,2.11
000550,江铃汽车,2024-03-19,27.46,26.52,27.46,26.41,71197,199603598.35,3.84,-3.11,-0.85,1.37
000550,江铃汽车,2024-03-20,26.44,26.78,26.8,26.11,74944,208704864.93,2.6,0.98,0.26,1.45
000550,江铃汽车,2024-03-21,26.61,27.88,28.26,26.32,111648,324642537.27,7.24,4.11,1.1,2.15
000550,江铃汽车,2024-03-22,27.9,27.95,28.49,27.42,68218,199997598.36,3.84,0.25,0.07,1.32
000550,江铃汽车,2024-03-25,27.95,28.17,28.75,27.7,80439,238490792.87,3.76,0.79,0.22,1.55
000550,江铃汽车,2024-03-26,28.0,28.3,28.61,27.81,56997,169562340.77,2.84,0.46,0.13,1.1
000550,江铃汽车,2024-03-27,28.17,26.92,28.31,26.92,75371,218550140.41,4.91,-4.88,-1.38,1.45
000550,江铃汽车,2024-03-28,27.06,27.92,28.1,27.03,65143,189468400.07,3.97,3.71,1.0,1.26
000550,江铃汽车,2024-03-29,28.03,28.8,29.01,27.93,57799,173430697.7,3.87,3.15,0.88,1.11
000550,江铃汽车,2024-04-01,28.8,28.38,28.89,27.62,75854,224649989.37,4.41,-1.46,-0.42,1.46
000550,江铃汽车,2024-04-02,28.38,27.89,28.58,27.33,89264,259797786.72,4.4,-1.73,-0.49,1.72
000550,江铃汽车,2024-04-03,27.81,28.02,28.22,27.27,59248,173163503.54,3.41,0.47,0.13,1.14
000550,江铃汽车,2024-04-08,28.02,28.37,29.11,27.81,73669,220438125.32,4.64,1.25,0.35,1.42
000550,江铃汽车,2024-04-09,28.02,26.69,28.21,26.5,121992,347039084.58,6.03,-5.92,-1.68,2.35
000550,江铃汽车,2024-04-10,26.86,26.83,27.47,26.61,88992,252736156.18,3.22,0.52,0.14,1.72
000550,江铃汽车,2024-04-11,26.49,27.43,27.99,26.49,77270,222626350.72,5.59,2.24,0.6,1.49
000550,江铃汽车,2024-04-12,27.43,27.49,27.97,27.21,58891,171074152.86,2.77,0.22,0.06,1.14
000550,江铃汽车,2024-04-15,27.49,27.9,27.95,27.21,61705,179417834.55,2.69,1.49,0.41,1.19
000550,江铃汽车,2024-04-16,27.41,27.05,28.31,27.05,62951,181776901.24,4.52,-3.05,-0.85,1.21
000550,江铃汽车,2024-04-17,27.04,28.58,28.69,27.04,71096,208294112.99,6.1,5.66,1.53,1.37
000550,江铃汽车,2024-04-18,28.61,29.81,30.38,28.34,113843,353728447.06,7.14,4.3,1.23,2.2
000550,江铃汽车,2024-04-19,29.72,29.58,29.77,28.89,69455,213652898.97,2.95,-0.77,-0.23,1.34
000550,江铃汽车,2024-04-22,29.58,29.06,29.74,28.91,56406,172925481.7,2.81,-1.76,-0.52,1.09
000550,江铃汽车,2024-04-23,29.11,28.03,29.19,27.72,78667,231806782.4,5.06,-3.54,-1.03,1.52
000550,江铃汽车,2024-04-24,28.5,25.31,28.81,25.09,214426,576398251.3,13.27,-9.7,-2.72,4.14
000550,江铃汽车,2024-04-25,24.91,24.2,25.31,23.93,257939,666143539.5,5.45,-4.39,-1.11,4.98
000550,江铃汽车,2024-04-26,24.18,25.57,25.81,24.15,191592,511569860.54,6.86,5.66,1.37,3.7
000550,江铃汽车,2024-04-29,25.61,25.21,25.8,24.76,114517,304334049.02,4.07,-1.41,-0.36,2.21
000550,江铃汽车,2024-04-30,25.2,24.78,25.36,24.49,99719,261373475.69,3.45,-1.71,-0.43,1.92
000550,江铃汽车,2024-05-06,25.02,25.79,25.99,24.64,149469,400729310.98,5.45,4.08,1.01,2.88
000550,江铃汽车,2024-05-07,25.66,25.08,25.79,24.92,102926,274258539.48,3.37,-2.75,-0.71,1.99
000550,江铃汽车,2024-05-08,25.27,25.06,25.29,24.49,88729,233633281.11,3.19,-0.08,-0.02,1.71
000550,江铃汽车,2024-05-09,25.05,25.36,25.54,24.79,90778,241843883.91,2.99,1.2,0.3,1.75
000550,江铃汽车,2024-05-10,25.37,25.05,25.46,24.69,61059,160957647.34,3.04,-1.22,-0.31,1.18
000550,江铃汽车,2024-05-13,24.72,25.27,25.61,24.57,69677,185125308.57,4.15,0.88,0.22,1.34
000550,江铃汽车,2024-05-14,25.27,25.81,26.16,25.15,82842,225218929.92,4.0,2.14,0.54,1.6
000550,江铃汽车,2024-05-15,25.77,25.36,26.26,25.29,73275,199176904.1,3.76,-1.74,-0.45,1.41
000550,江铃汽车,2024-05-16,25.59,24.81,25.59,24.61,85896,225368272.5,3.86,-2.17,-0.55,1.66
000550,江铃汽车,2024-05-17,24.91,24.76,25.18,24.43,61931,161968674.35,3.02,-0.2,-0.05,1.19
000550,江铃汽车,2024-05-20,24.76,24.86,24.94,24.41,60830,158939988.5,2.14,0.4,0.1,1.17
000550,江铃汽车,2024-05-21,24.8,24.57,24.9,24.2,70406,182354696.79,2.82,-1.17,-0.29,1.36
000550,江铃汽车,2024-05-22,24.5,24.39,24.79,24.3,43427,112491981.0,1.99,-0.73,-0.18,0.84
000550,江铃汽车,2024-05-23,24.32,23.88,24.32,23.75,43564,110458733.0,2.34,-2.09,-0.51,0.84
000550,江铃汽车,2024-05-24,23.88,23.34,23.91,23.33,45519,113502816.37,2.43,-2.26,-0.54,0.88
000550,江铃汽车,2024-05-27,23.45,23.33,23.67,22.94,72277,177854892.91,3.13,-0.04,-0.01,1.39
000550,江铃汽车,2024-05-28,23.37,23.17,23.48,23.1,50600,124874809.0,1.63,-0.69,-0.16,0.98
000550,江铃汽车,2024-05-29,23.07,23.01,23.17,22.75,48806,118710300.0,1.81,-0.69,-0.16,0.94
000550,江铃汽车,2024-05-30,23.08,23.62,24.03,23.01,77325,193089743.64,4.43,2.65,0.61,1.49
000550,江铃汽车,2024-05-31,23.51,23.9,24.51,23.37,61208,156056461.22,4.83,1.19,0.28,1.18
000550,江铃汽车,2024-06-03,23.91,23.64,24.33,23.39,59568,148954903.02,3.93,-1.09,-0.26,1.15
000550,江铃汽车,2024-06-04,23.94,23.73,24.25,23.47,59190,149304914.36,3.3,0.38,0.09,1.14
000550,江铃汽车,2024-06-05,23.62,23.0,23.78,22.97,52171,128591316.29,3.41,-3.08,-0.73,1.01
000550,江铃汽车,2024-06-06,23.11,22.56,23.19,22.5,45850,110623871.97,3.0,-1.91,-0.44,0.88
000550,江铃汽车,2024-06-07,22.81,22.59,23.19,22.12,55936,133331005.48,4.74,0.13,0.03,1.08
000550,江铃汽车,2024-06-11,22.48,22.48,22.61,22.16,38604,91809589.08,1.99,-0.49,-0.11,0.74
000550,江铃汽车,2024-06-12,22.49,22.29,22.58,22.16,39469,93570461.4,1.87,-0.85,-0.19,0.76
000550,江铃汽车,2024-06-13,22.2,22.05,22.26,21.81,49678,116413074.75,2.02,-1.08,-0.24,0.96
000550,江铃汽车,2024-06-14,22.04,22.2,22.26,21.76,52402,122647006.2,2.27,0.68,0.15,1.01
000550,江铃汽车,2024-06-17,22.07,22.25,22.72,21.97,47465,112718737.82,3.38,0.23,0.05,0.92
000550,江铃汽车,2024-06-18,22.24,22.53,22.6,22.14,43082,102561654.89,2.07,1.26,0.28,0.83
000550,江铃汽车,2024-06-19,22.53,21.58,22.59,21.56,59530,138511999.59,4.57,-4.22,-0.95,1.15
000550,江铃汽车,2024-06-20,21.61,21.3,21.75,21.01,59587,135384032.37,3.43,-1.3,-0.28,1.15
000550,江铃汽车,2024-06-21,21.27,21.35,21.8,21.18,42380,96651938.17,2.91,0.23,0.05,0.82
000550,江铃汽车,2024-06-24,21.3,20.66,21.49,20.66,45416,101507127.09,3.89,-3.23,-0.69,0.88
000550,江铃汽车,2024-06-25,20.84,20.74,21.2,20.61,48105,107366181.02,2.86,0.39,0.08,0.93
000550,江铃汽车,2024-06-26,20.73,21.03,21.13,20.63,36270,80808750.9,2.41,1.4,0.29,0.7
000550,江铃汽车,2024-06-27,21.1,20.39,21.11,20.33,45037,98891220.29,3.71,-3.04,-0.64,0.87
000550,江铃汽车,2024-06-28,20.39,20.32,20.79,20.22,56770,124158321.2,2.8,-0.34,-0.07,1.09
000550,江铃汽车,2024-07-01,20.22,21.18,21.34,20.18,81254,180150595.6,5.71,4.23,0.86,1.57
000550,江铃汽车,2024-07-02,21.16,20.2,21.18,20.06,94456,205794139.63,5.29,-4.63,-0.98,1.82
000550,江铃汽车,2024-07-03,20.17,19.97,20.27,19.92,46857,100624528.2,1.73,-1.14,-0.23,0.9
000550,江铃汽车,2024-07-04,20.01,19.77,20.49,19.62,54746,117221314.89,4.36,-1.0,-0.2,1.06
000550,江铃汽车,2024-07-05,19.77,19.61,19.9,19.43,44381,93110909.51,2.38,-0.81,-0.16,0.86
000550,江铃汽车,2024-07-08,19.49,18.91,19.65,18.71,86419,177394880.03,4.79,-3.57,-0.7,1.67
000550,江铃汽车,2024-07-09,18.93,19.91,19.97,18.91,95510,199075360.86,5.61,5.29,1.0,1.84
000550,江铃汽车,2024-07-10,21.77,22.04,22.04,21.5,172390,402695726.58,2.71,10.7,2.13,3.33
000550,江铃汽车,2024-07-11,22.74,20.99,23.2,20.83,505589,1166618919.52,10.75,-4.76,-1.05,9.75
000550,江铃汽车,2024-07-12,21.0,23.23,23.23,20.74,475511,1096823764.18,11.86,10.67,2.24,9.17
000550,江铃汽车,2024-07-15,23.21,22.78,25.27,22.49,652825,1634701889.03,11.97,-1.94,-0.45,12.59
000550,江铃汽车,2024-07-16,22.06,23.62,23.85,21.92,490547,1199436279.5,8.47,3.69,0.84,9.46
000550,江铃汽车,2024-07-17,23.41,22.41,23.42,22.41,321458,775683339.6,4.28,-5.12,-1.21,6.2
000550,江铃汽车,2024-07-18,21.71,22.65,22.92,21.12,261519,619189541.56,8.03,1.07,0.24,5.04
000550,江铃汽车,2024-07-19,22.65,22.15,23.71,21.85,324967,762798526.54,8.21,-2.21,-0.5,6.27
000550,江铃汽车,2024-07-22,21.59,21.76,22.6,21.59,259784,590832247.02,4.56,-1.76,-0.39,5.01
000550,江铃汽车,2024-07-23,22.13,24.01,24.01,22.1,619125,1501957152.9,8.78,10.34,2.25,11.94
000550,江铃汽车,2024-07-24,23.31,22.2,23.54,22.15,462679,1083778811.83,5.79,-7.54,-1.81,8.92
000550,江铃汽车,2024-07-25,22.0,24.0,24.49,21.67,528748,1275566229.09,12.7,8.11,1.8,10.2
000550,江铃汽车,2024-07-26,24.98,25.66,26.34,24.27,593524,1531792314.59,8.63,6.92,1.66,11.45
000550,江铃汽车,2024-07-29,25.3,25.75,27.78,25.29,593523,1616126618.03,9.7,0.35,0.09,11.45
000550,江铃汽车,2024-07-30,25.53,28.4,28.4,24.89,547435,1497686794.99,13.63,10.29,2.65,10.56
000550,江铃汽车,2024-07-31,31.31,31.31,31.31,30.33,556696,1777001808.89,3.45,10.25,2.91,10.74
000550,江铃汽车,2024-08-01,33.2,30.68,33.77,30.2,722359,2351276079.74,11.4,-2.01,-0.63,13.93
000550,江铃汽车,2024-08-02,30.43,27.54,30.68,27.54,647520,1895550895.14,10.23,-10.23,-3.14,12.49
000550,江铃汽车,2024-08-05,26.17,24.72,26.91,24.72,507078,1331991428.69,7.95,-10.24,-2.82,9.78
000550,江铃汽车,2024-08-06,24.67,24.01,24.94,23.56,423480,1048472222.54,5.58,-2.87,-0.71,8.17
000550,江铃汽车,2024-08-07,23.73,24.14,24.54,23.49,382181,949142194.44,4.37,0.54,0.13,7.37
000550,江铃汽车,2024-08-08,23.64,22.7,23.84,22.59,358212,846852521.32,5.18,-5.97,-1.44,6.91
000550,江铃汽车,2024-08-09,22.65,22.78,23.35,22.65,240431,569116335.31,3.08,0.35,0.08,4.64
000550,江铃汽车,2024-08-12,22.72,22.59,22.95,22.09,225306,523190049.29,3.78,-0.83,-0.19,4.35
000550,江铃汽车,2024-08-13,22.58,23.09,23.09,22.19,252015,587685484.8,3.98,2.21,0.5,4.86
000550,江铃汽车,2024-08-14,22.92,23.38,23.95,22.82,356631,863749674.03,4.89,1.26,0.29,6.88
000550,江铃汽车,2024-08-15,23.09,24.45,25.24,22.44,452668,1119979741.92,11.98,4.58,1.07,8.73
000550,江铃汽车,2024-08-16,23.79,23.23,24.29,23.23,340604,833569819.09,4.34,-4.99,-1.22,6.57
000550,江铃汽车,2024-08-19,22.89,23.33,24.02,22.89,270698,657915487.59,4.86,0.43,0.1,5.22
000550,江铃汽车,2024-08-20,23.17,22.44,23.28,22.27,241480,562819684.5,4.33,-3.81,-0.89,4.66
000550,江铃汽车,2024-08-21,22.21,22.15,22.37,21.9,177271,404748932.37,2.09,-1.29,-0.29,3.42
000550,江铃汽车,2024-08-22,22.09,21.44,22.09,21.32,200500,447953347.27,3.48,-3.21,-0.71,3.87
000550,江铃汽车,2024-08-23,21.27,21.28,21.72,21.19,147046,324721930.65,2.47,-0.75,-0.16,2.84
000550,江铃汽车,2024-08-26,21.18,21.37,21.67,20.78,144955,317764492.03,4.18,0.42,0.09,2.8
000550,江铃汽车,2024-08-27,21.24,20.67,21.25,20.57,143326,308677045.52,3.18,-3.28,-0.7,2.76
000550,江铃汽车,2024-08-28,20.48,20.08,20.87,20.02,136646,287063702.5,4.11,-2.85,-0.59,2.64
000550,江铃汽车,2024-08-29,19.95,20.35,20.56,19.84,134194,281472568.0,3.59,1.34,0.27,2.59
000550,江铃汽车,2024-08-30,20.28,21.19,21.55,20.16,211030,459405676.73,6.83,4.13,0.84,4.07
000550,江铃汽车,2024-09-02,21.08,20.35,21.32,20.35,151882,325410008.03,4.58,-3.96,-0.84,2.93
000550,江铃汽车,2024-09-03,20.33,20.43,20.59,20.14,107483,226838610.0,2.21,0.39,0.08,2.07
000550,江铃汽车,2024-09-04,20.21,20.42,20.57,20.09,92527,194638207.95,2.35,-0.05,-0.01,1.78
000550,江铃汽车,2024-09-05,20.45,21.04,21.16,20.39,176616,381575907.86,3.77,3.04,0.62,3.41
000550,江铃汽车,2024-09-06,20.91,21.65,22.93,20.91,350763,797388518.6,9.6,2.9,0.61,6.77
000550,江铃汽车,2024-09-09,21.19,20.51,21.32,20.42,229726,492115799.21,4.16,-5.27,-1.14,4.43
000550,江铃汽车,2024-09-10,20.5,20.57,20.69,20.2,129432,273749284.3,2.39,0.29,0.06,2.5
000550,江铃汽车,2024-09-11,20.37,20.48,20.7,20.25,82566,175174816.96,2.19,-0.44,-0.09,1.59
000550,江铃汽车,2024-09-12,20.46,20.32,20.92,20.27,105124,224087490.15,3.17,-0.78,-0.16,2.03
000550,江铃汽车,2024-09-13,20.34,20.02,20.44,20.01,83922,175327302.25,2.12,-1.48,-0.3,1.62
000550,江铃汽车,2024-09-18,20.04,20.18,20.24,19.71,80801,167190366.31,2.65,0.8,0.16,1.56
000550,江铃汽车,2024-09-19,20.18,20.59,20.68,20.0,112448,238000082.88,3.37,2.03,0.41,2.17
000550,江铃汽车,2024-09-20,20.65,20.4,20.8,20.17,92703,195768491.6,3.06,-0.92,-0.19,1.79
000550,江铃汽车,2024-09-23,20.3,20.49,20.84,20.18,104388,221524137.07,3.24,0.44,0.09,2.01
000550,江铃汽车,2024-09-24,20.6,21.44,21.48,20.28,200373,434823007.74,5.86,4.64,0.95,3.86
000550,江铃汽车,2024-09-25,21.61,21.55,22.26,21.44,188977,425790339.01,3.82,0.51,0.11,3.64
000550,江铃汽车,2024-09-26,21.6,22.71,22.73,21.6,242575,557507290.34,5.24,5.38,1.16,4.68
000550,江铃汽车,2024-09-27,23.11,24.76,25.04,23.11,334791,837391128.86,8.5,9.03,2.05,6.46
000550,江铃汽车,2024-09-30,25.9,27.31,27.31,25.82,318536,878764999.44,6.02,10.3,2.55,6.14
000550,江铃汽车,2024-10-08,29.27,29.29,30.09,25.97,422487,1235815748.7,15.09,7.25,1.98,8.15
000550,江铃汽车,2024-10-09,27.29,26.3,28.8,26.29,287240,804636720.72,8.57,-10.21,-2.99,5.54
000550,江铃汽车,2024-10-10,27.31,27.16,28.66,26.87,326723,932227753.33,6.81,3.27,0.86,6.3
000550,江铃汽车,2024-10-11,26.79,27.86,28.98,26.29,331370,943837104.22,9.9,2.58,0.7,6.39
000550,江铃汽车,2024-10-14,27.29,27.62,27.96,26.65,235371,660209756.62,4.7,-0.86,-0.24,4.54
000550,江铃汽车,2024-10-15,27.34,26.48,27.46,26.48,182809,505516390.76,3.55,-4.13,-1.14,3.53
000550,江铃汽车,2024-10-16,25.72,27.0,27.37,25.48,175764,479586805.88,7.14,1.96,0.52,3.39
000550,江铃汽车,2024-10-17,26.91,26.48,27.34,26.36,138537,381455720.86,3.63,-1.93,-0.52,2.67
000550,江铃汽车,2024-10-18,26.37,27.48,27.99,26.27,185864,520109725.39,6.5,3.78,1.0,3.58
000550,江铃汽车,2024-10-21,27.29,26.42,27.47,26.15,247689,677021233.51,4.8,-3.86,-1.06,4.78
000550,江铃汽车,2024-10-22,26.42,26.91,27.32,26.34,171334,472723452.49,3.71,1.85,0.49,3.3
000550,江铃汽车,2024-10-23,26.92,27.59,28.14,26.49,268633,758865881.33,6.13,2.53,0.68,5.18
000550,江铃汽车,2024-10-24,27.46,25.57,27.47,25.43,348123,925861379.89,7.39,-7.32,-2.02,6.71
000550,江铃汽车,2024-10-25,25.69,25.51,25.81,25.3,166958,437882351.0,1.99,-0.23,-0.06,3.22
000550,江铃汽车,2024-10-28,25.49,25.37,25.5,25.01,147435,382957181.69,1.92,-0.55,-0.14,2.84
000550,江铃汽车,2024-10-29,25.32,24.72,25.54,24.66,153855,396096481.64,3.47,-2.56,-0.65,2.97
000550,江铃汽车,2024-10-30,24.54,24.94,25.18,24.46,108902,278747639.53,2.91,0.89,0.22,2.1
000550,江铃汽车,2024-10-31,24.61,24.99,25.26,24.49,139397,357409319.65,3.09,0.2,0.05,2.69
000550,江铃汽车,2024-11-01,24.8,23.86,25.05,23.82,170884,425971812.01,4.92,-4.52,-1.13,3.3
000550,江铃汽车,2024-11-04,24.07,24.88,25.1,23.9,211412,538071494.84,5.03,4.27,1.02,4.08
000550,江铃汽车,2024-11-05,24.97,25.17,25.29,24.33,174939,448681534.48,3.86,1.17,0.29,3.37
000550,江铃汽车,2024-11-06,25.04,25.3,25.99,25.0,213069,556807983.91,3.93,0.52,0.13,4.11
000550,江铃汽车,2024-11-07,24.87,25.56,25.68,24.82,147975,385715901.24,3.4,1.03,0.26,2.85
000550,江铃汽车,2024-11-08,25.63,25.17,25.92,24.99,142058,371726001.79,3.64,-1.53,-0.39,2.74
000550,江铃汽车,2024-11-11,25.18,26.19,26.28,25.04,232681,617716274.44,4.93,4.05,1.02,4.49
000550,江铃汽车,2024-11-12,28.31,28.88,28.88,27.49,177861,522910987.84,5.31,10.27,2.69,3.43
000550,江铃汽车,2024-11-13,28.21,27.55,28.21,26.06,428765,1193456693.4,7.44,-4.61,-1.33,8.27
000550,江铃汽车,2024-11-14,27.07,25.96,27.28,25.89,242428,659422784.84,5.05,-5.77,-1.59,4.68
000550,江铃汽车,2024-11-15,25.65,25.77,26.82,25.63,209901,563601323.1,4.58,-0.73,-0.19,4.05
000550,江铃汽车,2024-11-18,26.09,24.73,26.23,24.55,171965,444773981.63,6.52,-4.04,-1.04,3.32
000550,江铃汽车,2024-11-19,24.89,25.17,25.34,24.45,115057,295322458.45,3.6,1.78,0.44,2.22
000550,江铃汽车,2024-11-20,25.03,25.34,25.54,24.65,127002,327089688.88,3.54,0.68,0.17,2.45
000550,江铃汽车,2024-11-21,25.18,25.24,25.81,24.97,124297,324717986.39,3.31,-0.39,-0.1,2.4
000550,江铃汽车,2024-11-22,25.11,23.94,25.21,23.79,127245,321155603.6,5.63,-5.15,-1.3,2.45
000550,江铃汽车,2024-11-25,24.12,24.08,24.37,23.54,92529,228538960.52,3.47,0.58,0.14,1.78
000550,江铃汽车,2024-11-26,23.93,23.85,24.39,23.84,70428,174242636.07,2.28,-0.96,-0.23,1.36
000550,江铃汽车,2024-11-27,23.85,24.14,24.16,23.19,71064,172868611.42,4.07,1.22,0.29,1.37
000550,江铃汽车,2024-11-28,24.17,23.62,24.18,23.57,73294,179962242.05,2.53,-2.15,-0.52,1.41
000550,江铃汽车,2024-11-29,23.58,23.94,24.14,23.56,88082,216995388.0,2.46,1.35,0.32,1.7
000550,江铃汽车,2024-12-02,24.15,24.98,24.98,23.99,151268,383761416.48,4.14,4.34,1.04,2.92
000550,江铃汽车,2024-12-03,24.98,24.66,24.99,24.34,95006,240058240.7,2.6,-1.28,-0.32,1.83
000550,江铃汽车,2024-12-04,24.66,24.26,24.77,24.1,62650,157463053.0,2.72,-1.62,-0.4,1.21
000550,江铃汽车,2024-12-05,24.16,24.23,24.37,24.05,51450,128207423.1,1.32,-0.12,-0.03,0.99
000550,江铃汽车,2024-12-06,24.17,24.65,24.75,24.17,92440,233992593.52,2.39,1.73,0.42,1.78
000550,江铃汽车,2024-12-09,24.67,24.68,25.15,24.47,87963,224747048.0,2.76,0.12,0.03,1.7
000550,江铃汽车,2024-12-10,25.49,24.49,25.49,24.45,103959,266574399.12,4.21,-0.77,-0.19,2.01
000550,江铃汽车,2024-12-11,24.49,24.73,24.75,24.4,66962,169329061.75,1.43,0.98,0.24,1.29
000550,江铃汽车,2024-12-12,24.79,24.86,24.92,24.49,78483,199519759.62,1.74,0.53,0.13,1.51
000550,江铃汽车,2024-12-13,24.72,24.07,24.81,23.99,100536,251414123.78,3.3,-3.18,-0.79,1.94
000550,江铃汽车,2024-12-16,24.13,23.85,24.29,23.7,71507,176672314.31,2.45,-0.91,-0.22,1.38
000550,江铃汽车,2024-12-17,23.83,23.79,24.35,23.71,65307,161619208.9,2.68,-0.25,-0.06,1.26
000550,江铃汽车,2024-12-18,23.8,23.81,24.19,23.7,51177,126095298.62,2.06,0.08,0.02,0.99
000550,江铃汽车,2024-12-19,23.59,23.69,23.75,23.35,43281,105040892.0,1.68,-0.5,-0.12,0.83
000550,江铃汽车,2024-12-20,23.65,23.47,23.75,23.46,51230,124417763.9,1.22,-0.93,-0.22,0.99
000550,江铃汽车,2024-12-23,23.46,23.23,23.8,23.22,61214,148118983.1,2.47,-1.02,-0.24,1.18
000550,江铃汽车,2024-12-24,23.24,23.85,24.04,23.2,72362,176436351.0,3.62,2.67,0.62,1.4
000550,江铃汽车,2024-12-25,23.92,23.45,23.92,23.26,54547,132118490.76,2.77,-1.68,-0.4,1.05
000550,江铃汽车,2024-12-26,23.49,23.89,24.04,23.37,64567,158219630.0,2.86,1.88,0.44,1.25
000550,江铃汽车,2024-12-27,23.87,24.09,24.25,23.75,66420,164168625.71,2.09,0.84,0.2,1.28
000550,江铃汽车,2024-12-30,24.09,23.59,24.16,23.49,62800,153650649.0,2.78,-2.08,-0.5,1.21
000550,江铃汽车,2024-12-31,23.65,22.74,23.68,22.65,75587,179576363.42,4.37,-3.6,-0.85,1.46
000550,江铃汽车,2025-01-02,22.74,22.12,22.87,21.9,59811,138462754.7,4.27,-2.73,-0.62,1.15
000550,江铃汽车,2025-01-03,22.2,21.76,22.69,21.68,71599,163758850.0,4.57,-1.63,-0.36,1.38
000550,江铃汽车,2025-01-06,21.79,21.69,22.12,21.46,64644,145058334.5,3.03,-0.32,-0.07,1.25
000550,江铃汽车,2025-01-07,21.74,21.76,21.93,21.57,46320,103835011.5,1.66,0.32,0.07,0.89
000550,江铃汽车,2025-01-08,21.64,21.48,21.74,20.79,90784,199393258.23,4.37,-1.29,-0.28,1.75
000550,江铃汽车,2025-01-09,21.29,21.28,21.54,21.19,53418,117943264.9,1.63,-0.93,-0.2,1.03
000550,江铃汽车,2025-01-10,21.34,20.75,21.34,20.75,59249,128480782.0,2.77,-2.49,-0.53,1.14
000550,江铃汽车,2025-01-13,20.67,20.76,20.99,20.59,50315,108043544.84,1.93,0.05,0.01,0.97
000550,江铃汽车,2025-01-14,20.77,21.61,21.68,20.73,79890,175810210.7,4.58,4.09,0.85,1.54
000550,江铃汽车,2025-01-15,21.62,21.49,21.74,21.32,47445,105203296.0,1.94,-0.56,-0.12,0.92
000550,江铃汽车,2025-01-16,21.61,21.69,21.93,21.44,48783,109319273.79,2.28,0.93,0.2,0.94
000550,江铃汽车,2025-01-17,21.55,21.8,21.9,21.49,41879,94027971.55,1.89,0.51,0.11,0.81
000550,江铃汽车,2025-01-20,22.08,22.34,22.48,22.07,64449,148465575.27,1.88,2.48,0.54,1.24
000550,江铃汽车,2025-01-21,22.21,22.31,22.47,22.01,45934,105249168.96,2.06,-0.13,-0.03,0.89
000550,江铃汽车,2025-01-22,22.21,22.15,22.43,21.99,39748,90871513.93,1.97,-0.72,-0.16,0.77
000550,江铃汽车,2025-01-23,22.28,22.02,22.56,21.99,52443,120556432.28,2.57,-0.59,-0.13,1.01
000550,江铃汽车,2025-01-24,21.92,22.04,22.19,21.85,48469,110056541.92,1.54,0.09,0.02,0.93
000550,江铃汽车,2025-01-27,22.1,21.85,22.36,21.82,38604,87727517.55,2.45,-0.86,-0.19,0.74
000550,江铃汽车,2025-02-05,21.97,21.84,22.03,21.69,48692,109783860.2,1.56,-0.05,-0.01,0.94
000550,江铃汽车,2025-02-06,21.78,22.43,22.44,21.6,73116,166467526.35,3.85,2.7,0.59,1.41
000550,江铃汽车,2025-02-07,22.77,23.62,23.77,22.6,177494,426405698.77,5.22,5.31,1.19,3.42
000550,江铃汽车,2025-02-10,23.58,23.45,24.44,23.33,122589,299462827.59,4.7,-0.72,-0.17,2.36
000550,江铃汽车,2025-02-11,23.44,23.13,23.63,22.99,62868,149979770.0,2.73,-1.36,-0.32,1.21
000550,江铃汽车,2025-02-12,23.04,23.0,23.06,22.67,71740,168926528.7,1.69,-0.56,-0.13,1.38
000550,江铃汽车,2025-02-13,23.0,22.66,23.06,22.62,52310,122871917.25,1.91,-1.48,-0.34,1.01
000550,江铃汽车,2025-02-14,22.62,22.76,22.88,22.56,58497,137007496.0,1.41,0.44,0.1,1.13
000550,江铃汽车,2025-02-17,24.29,23.4,24.57,23.39,194785,477557998.11,5.18,2.81,0.64,3.76
000550,江铃汽车,2025-02-18,23.29,22.44,23.31,22.32,104990,246509863.2,4.23,-4.1,-0.96,2.03
000550,江铃汽车,2025-02-19,22.69,22.98,23.24,22.63,91593,216306194.95,2.72,2.41,0.54,1.77
000550,江铃汽车,2025-02-20,22.75,22.54,22.75,22.43,68558,159418160.24,1.39,-1.91,-0.44,1.32
000550,江铃汽车,2025-02-21,22.58,22.27,22.64,22.12,78789,181008514.96,2.31,-1.2,-0.27,1.52
000550,江铃汽车,2025-02-24,22.2,22.01,22.35,21.9,73372,167341395.32,2.02,-1.17,-0.26,1.42
000550,江铃汽车,2025-02-25,21.95,22.17,22.55,21.75,82899,190053172.75,3.63,0.73,0.16,1.6
000550,江铃汽车,2025-02-26,22.17,22.35,22.49,22.07,67609,155775509.74,1.89,0.81,0.18,1.3
000550,江铃汽车,2025-02-27,22.45,22.2,22.49,21.96,62096,142596282.53,2.37,-0.67,-0.15,1.2
000550,江铃汽车,2025-02-28,22.03,21.5,22.18,21.47,65512,147201834.31,3.2,-3.15,-0.7,1.26
000550,江铃汽车,2025-03-03,21.57,21.38,21.93,21.3,54913,122626510.0,2.93,-0.56,-0.12,1.06
000550,江铃汽车,2025-03-04,21.29,21.45,21.5,21.18,38976,86141195.0,1.5,0.33,0.07,0.75
000550,江铃汽车,2025-03-05,21.57,21.5,21.58,21.27,35839,79353999.27,1.45,0.23,0.05,0.69
000550,江铃汽车,2025-03-06,21.54,21.71,21.72,21.4,63496,141688613.17,1.49,0.98,0.21,1.22
000550,江铃汽车,2025-03-07,21.64,21.59,21.77,21.42,50598,112801925.97,1.61,-0.55,-0.12,0.98
000550,江铃汽车,2025-03-10,21.59,21.61,21.69,21.45,40237,89629206.87,1.11,0.09,0.02,0.78
000550,江铃汽车,2025-03-11,21.39,21.57,21.58,21.3,38091,84323681.16,1.3,-0.19,-0.04,0.73
000550,江铃汽车,2025-03-12,21.58,21.74,21.91,21.58,53531,120361826.58,1.53,0.79,0.17,1.03
000550,江铃汽车,2025-03-13,21.75,21.4,21.77,21.26,49170,108906881.79,2.35,-1.56,-0.34,0.95
000550,江铃汽车,2025-03-14,21.34,21.87,21.94,21.29,70886,158934645.37,3.04,2.2,0.47,1.37
000550,江铃汽车,2025-03-17,22.0,22.15,22.28,21.97,66332,151558747.03,1.42,1.28,0.28,1.28
000550,江铃汽车,2025-03-18,22.28,22.23,22.34,22.09,47910,109823805.0,1.13,0.36,0.08,0.92
000550,江铃汽车,2025-03-19,22.4,22.41,22.68,22.25,68906,159377295.98,1.93,0.81,0.18,1.33
000550,江铃汽车,2025-03-20,22.29,22.39,22.59,22.24,61535,142323487.96,1.56,-0.09,-0.02,1.19
000550,江铃汽车,2025-03-21,22.29,22.14,22.43,22.06,62409,143100524.0,1.65,-1.12,-0.25,1.2
000550,江铃汽车,2025-03-24,22.09,22.0,22.25,21.64,48298,109197187.0,2.76,-0.63,-0.14,0.93
000550,江铃汽车,2025-03-25,22.07,22.09,22.21,21.9,38200,86961641.0,1.41,0.41,0.09,0.74
000550,江铃汽车,2025-03-26,21.95,22.47,22.59,21.94,60328,139024581.99,2.94,1.72,0.38,1.16
000550,江铃汽车,2025-03-27,22.29,22.28,22.45,22.05,42869,98506965.0,1.78,-0.85,-0.19,0.83
000550,江铃汽车,2025-03-28,22.22,22.2,22.37,22.03,40036,91564482.8,1.53,-0.36,-0.08,0.77
000550,江铃汽车,2025-03-31,22.48,22.18,22.96,21.93,114425,264385411.95,4.64,-0.09,-0.02,2.21
000550,江铃汽车,2025-04-01,21.85,21.83,22.39,21.79,88652,201244143.72,2.71,-1.58,-0.35,1.71
000550,江铃汽车,2025-04-02,21.84,22.2,22.43,21.62,85288,194055797.0,3.71,1.69,0.37,1.65
000550,江铃汽车,2025-04-03,21.93,21.49,22.05,21.4,64010,143197166.71,2.93,-3.2,-0.71,1.23
000550,江铃汽车,2025-04-07,19.29,19.27,20.15,19.27,63664,127856306.0,4.09,-10.33,-2.22,1.23
000550,江铃汽车,2025-04-08,18.7,17.84,19.11,17.5,152524,287250350.94,8.35,-7.42,-1.43,2.94
000550,江铃汽车,2025-04-09,17.78,17.94,18.0,16.64,102861,186064153.97,7.62,0.56,0.1,1.98
000550,江铃汽车,2025-04-10,18.43,18.33,18.84,18.33,85708,165352184.46,2.84,2.17,0.39,1.65
000550,江铃汽车,2025-04-11,18.17,18.47,18.67,18.14,58638,112492046.34,2.89,0.76,0.14,1.13
000550,江铃汽车,2025-04-14,19.01,19.07,19.77,18.99,114580,228641745.9,4.22,3.25,0.6,2.21
000550,江铃汽车,2025-04-15,19.15,18.82,19.28,18.77,58644,115274428.15,2.67,-1.31,-0.25,1.13
000550,江铃汽车,2025-04-16,18.67,18.69,18.82,18.27,48940,94272303.54,2.92,-0.69,-0.13,0.94
000550,江铃汽车,2025-04-17,18.53,18.65,18.92,18.43,37792,73390298.0,2.62,-0.21,-0.04,0.73
000550,江铃汽车,2025-04-18,18.78,18.81,19.16,18.67,39862,78005909.75,2.63,0.86,0.16,0.77
000550,江铃汽车,2025-04-21,18.82,19.0,19.02,18.69,30369,59691787.8,1.75,1.01,0.19,0.59
000550,江铃汽车,2025-04-22,18.9,19.06,19.25,18.88,32535,64512667.0,1.95,0.32,0.06,0.63
000550,江铃汽车,2025-04-23,19.27,19.37,19.45,19.13,49988,99948659.7,1.68,1.63,0.31,0.96
000550,江铃汽车,2025-04-24,18.79,18.68,19.01,18.38,88639,172246546.59,3.25,-3.56,-0.69,1.71
000550,江铃汽车,2025-04-25,18.68,18.6,18.79,18.54,34977,67657707.87,1.34,-0.43,-0.08,0.67
000550,江铃汽车,2025-04-28,18.54,18.1,18.57,18.03,59455,112465782.87,2.9,-2.69,-0.5,1.15
000550,江铃汽车,2025-04-29,18.17,18.05,18.22,17.99,32798,61563323.4,1.27,-0.28,-0.05,0.63
000550,江铃汽车,2025-04-30,18.09,18.08,18.23,17.97,34448,64859022.52,1.44,0.17,0.03,0.66
000550,江铃汽车,2025-05-06,18.23,18.55,18.55,18.22,44457,84999677.31,1.83,2.6,0.47,0.86
000550,江铃汽车,2025-05-07,18.91,18.77,19.6,18.64,89791,177256565.0,5.18,1.19,0.22,1.73
000550,江铃汽车,2025-05-08,18.7,18.9,18.92,18.66,37640,73597261.54,1.39,0.69,0.13,0.73
000550,江铃汽车,2025-05-09,18.9,18.68,18.94,18.6,30303,58916476.0,1.8,-1.16,-0.22,0.58
000550,江铃汽车,2025-05-12,18.84,18.97,19.01,18.81,35240,69169394.0,1.07,1.55,0.29,0.68
000550,江铃汽车,2025-05-13,19.35,18.99,19.35,18.97,39572,78379155.0,2.0,0.11,0.02,0.76
000550,江铃汽车,2025-05-14,19.04,19.0,19.11,18.77,35869,70471757.5,1.79,0.05,0.01,0.69
000550,江铃汽车,2025-05-15,19.0,18.89,19.03,18.8,36388,71493820.0,1.21,-0.58,-0.11,0.7
000550,江铃汽车,2025-05-16,18.93,19.75,20.44,18.81,147299,300044400.87,8.63,4.55,0.86,2.84
000550,江铃汽车,2025-05-19,19.36,19.38,19.75,19.09,76431,153235141.61,3.34,-1.87,-0.37,1.47
000550,江铃汽车,2025-05-20,19.3,19.75,20.04,19.26,83234,169343711.26,4.02,1.91,0.37,1.61
000550,江铃汽车,2025-05-21,19.69,21.11,21.24,19.59,225532,482417747.54,8.35,6.89,1.36,4.35
000550,江铃汽车,2025-05-22,20.79,20.89,21.39,20.67,132449,287859479.32,3.41,-1.04,-0.22,2.55
000550,江铃汽车,2025-05-23,20.82,20.37,21.15,20.36,86690,186134595.94,3.78,-2.49,-0.52,1.67
000550,江铃汽车,2025-05-26,20.3,20.42,20.89,20.19,67980,144439716.48,3.44,0.25,0.05,1.31
000550,江铃汽车,2025-05-27,20.31,20.13,20.86,20.01,47555,99966260.24,4.16,-1.42,-0.29,0.92
000550,江铃汽车,2025-05-28,20.8,20.23,21.29,20.17,89354,190725997.5,5.56,0.5,0.1,1.72
000550,江铃汽车,2025-05-29,20.09,21.4,21.69,20.09,141304,307936652.71,7.91,5.78,1.17,2.73
000550,江铃汽车,2025-05-30,21.39,20.77,22.09,20.67,131893,289197686.47,6.64,-2.94,-0.63,2.54
000550,江铃汽车,2025-06-03,20.5,20.05,20.7,19.97,81752,170165525.0,3.51,-3.47,-0.72,1.58
000550,江铃汽车,2025-06-04,20.07,19.97,20.19,19.81,44861,92840710.72,1.9,-0.4,-0.08,0.87
000550,江铃汽车,2025-06-05,20.01,19.89,20.04,19.81,43238,89171183.0,1.15,-0.4,-0.08,0.83
000550,江铃汽车,2025-06-06,19.92,19.56,19.98,19.44,56416,114577295.87,2.71,-1.66,-0.33,1.09
000550,江铃汽车,2025-06-09,19.58,19.6,19.77,19.51,49717,101087557.45,1.33,0.2,0.04,0.96
000550,江铃汽车,2025-06-10,19.61,19.46,19.74,19.29,52609,106113336.02,2.3,-0.71,-0.14,1.01
000550,江铃汽车,2025-06-11,19.45,19.49,19.64,19.38,48976,98875319.82,1.34,0.15,0.03,0.94
000550,江铃汽车,2025-06-12,19.44,19.31,19.47,19.27,61212,122623819.87,1.03,-0.92,-0.18,1.18
000550,江铃汽车,2025-06-13,19.2,19.33,19.42,19.15,59055,118193737.03,1.4,0.1,0.02,1.14
000550,江铃汽车,2025-06-16,19.31,19.56,19.64,19.2,53760,108550788.81,2.28,1.19,0.23,1.04
000550,江铃汽车,2025-06-17,19.48,19.62,19.67,19.4,30273,61454866.44,1.38,0.31,0.06,0.58
000550,江铃汽车,2025-06-18,19.53,19.37,19.54,19.26,28649,57578847.94,1.43,-1.27,-0.25,0.55
000550,江铃汽车,2025-06-19,19.34,19.34,19.4,19.21,30064,60155912.34,0.98,-0.15,-0.03,0.58
000550,江铃汽车,2025-06-20,19.24,19.35,19.51,19.21,24293,48683583.72,1.55,0.05,0.01,0.47
000550,江铃汽车,2025-06-23,19.25,19.32,19.36,19.09,27230,54300053.0,1.4,-0.16,-0.03,0.53
000550,江铃汽车,2025-06-24,19.51,19.59,19.68,19.49,39835,80927136.9,0.98,1.4,0.27,0.77
000550,江铃汽车,2025-06-25,19.62,19.64,19.66,19.44,35948,72816247.37,1.12,0.26,0.05,0.69
000550,江铃汽车,2025-06-26,19.64,19.48,19.69,19.47,35127,71226005.32,1.12,-0.81,-0.16,0.68
000550,江铃汽车,2025-06-27,19.56,19.62,19.71,19.49,34302,69797347.8,1.13,0.72,0.14,0.66
000550,江铃汽车,2025-06-30,19.62,19.62,19.7,19.56,26392,53663660.63,0.71,0.0,0.0,0.51
000550,江铃汽车,2025-07-01,19.69,19.6,19.7,19.5,25402,51592644.88,1.02,-0.1,-0.02,0.49
000550,江铃汽车,2025-07-02,19.54,19.54,19.6,19.44,22900,46331834.0,0.82,-0.31,-0.06,0.44
000550,江铃汽车,2025-07-03,19.59,19.83,20.24,19.59,65816,136155684.02,3.33,1.48,0.29,1.27
000550,江铃汽车,2025-07-04,19.67,19.69,19.83,19.65,30028,61374482.72,0.91,-0.71,-0.14,0.58
000550,江铃汽车,2025-07-07,19.69,19.63,19.73,19.54,17373,35291376.1,0.96,-0.3,-0.06,0.34
000550,江铃汽车,2025-07-08,19.62,19.77,19.79,19.59,25133,51382530.68,1.02,0.71,0.14,0.48
000550,江铃汽车,2025-07-09,19.77,19.67,19.85,19.63,28332,58034995.84,1.11,-0.51,-0.1,0.55
000550,江铃汽车,2025-07-10,19.66,19.8,19.8,19.56,25519,52131413.55,1.22,0.66,0.13,0.49
000550,江铃汽车,2025-07-11,19.8,19.94,20.06,19.71,46268,95199631.42,1.77,0.71,0.14,0.89
000550,江铃汽车,2025-07-14,19.94,19.84,19.96,19.82,23565,48494372.6,0.7,-0.5,-0.1,0.45
000550,江铃汽车,2025-07-15,19.75,19.76,19.89,19.62,29521,60369256.33,1.36,-0.4,-0.08,0.57
000550,江铃汽车,2025-07-16,19.76,19.87,19.95,19.69,28759,59121522.99,1.32,0.56,0.11,0.55
000550,江铃汽车,2025-07-17,19.89,19.95,19.96,19.77,34290,70560761.0,0.96,0.4,0.08,0.66
000550,江铃汽车,2025-07-18,19.99,19.89,20.0,19.86,36562,75373610.59,0.7,-0.3,-0.06,0.71
000550,江铃汽车,2025-07-21,19.88,20.1,20.2,19.88,44301,92051881.97,1.61,1.06,0.21,0.85
000550,江铃汽车,2025-07-22,20.09,20.62,20.79,20.06,89247,189488037.89,3.63,2.59,0.52,1.72
000550,江铃汽车,2025-07-23,20.63,21.14,21.44,20.62,121960,266761607.21,3.98,2.52,0.52,2.35
000550,江铃汽车,2025-07-24,21.13,20.99,21.13,20.91,49787,108071293.28,1.04,-0.71,-0.15,0.96
000550,江铃汽车,2025-07-25,21.05,21.43,21.74,20.94,76269,169344281.5,3.81,2.1,0.44,1.47
000550,江铃汽车,2025-07-28,21.45,21.09,21.59,21.06,43223,94788803.0,2.47,-1.59,-0.34,0.83
000550,江铃汽车,2025-07-29,21.07,21.0,21.17,20.62,44842,96627165.7,2.61,-0.43,-0.09,0.86
000550,江铃汽车,2025-07-30,20.92,20.83,21.07,20.71,35680,77014502.12,1.71,-0.81,-0.17,0.69
000550,江铃汽车,2025-07-31,20.78,20.44,20.82,20.32,42127,89462610.64,2.4,-1.87,-0.39,0.81
000550,江铃汽车,2025-08-01,20.43,20.54,20.73,20.38,21812,46382557.77,1.71,0.49,0.1,0.42
000550,江铃汽车,2025-08-04,20.44,20.47,20.54,20.32,28660,60499973.26,1.07,-0.34,-0.07,0.55
000550,江铃汽车,2025-08-05,20.48,20.75,20.81,20.44,31394,67203643.4,1.81,1.37,0.28,0.61
000550,江铃汽车,2025-08-06,20.69,20.58,20.78,20.5,39140,83240173.64,1.35,-0.82,-0.17,0.75
000550,江铃汽车,2025-08-07,20.6,20.43,20.64,20.41,36060,76425169.16,1.12,-0.73,-0.15,0.7
000550,江铃汽车,2025-08-08,20.4,20.26,20.42,20.16,36805,77121782.59,1.27,-0.83,-0.17,0.71
000550,江铃汽车,2025-08-11,20.28,20.24,20.34,20.19,44114,92507388.76,0.74,-0.1,-0.02,0.85
000550,江铃汽车,2025-08-12,20.27,20.29,20.35,20.17,41893,87871812.72,0.89,0.25,0.05,0.81
000550,江铃汽车,2025-08-13,20.39,20.53,20.59,20.3,58992,124937254.69,1.43,1.18,0.24,1.14
000550,江铃汽车,2025-08-14,20.79,20.2,20.85,20.17,57005,120348341.28,3.31,-1.61,-0.33,1.1
000550,江铃汽车,2025-08-15,20.16,20.46,20.49,20.16,39405,83171790.1,1.63,1.29,0.26,0.76
000550,江铃汽车,2025-08-18,20.58,20.59,20.71,20.49,48173,102764198.96,1.08,0.64,0.13,0.93
000550,江铃汽车,2025-08-19,20.56,20.83,20.84,20.56,63829,137126549.16,1.36,1.17,0.24,1.23
000550,江铃汽车,2025-08-20,20.8,20.92,20.92,20.41,71028,147438097.23,2.45,0.43,0.09,1.37
000550,江铃汽车,2025-08-21,20.91,20.79,20.92,20.65,54119,112490668.72,1.29,-0.62,-0.13,1.04
000550,江铃汽车,2025-08-22,20.91,20.81,21.01,20.64,57117,118707461.54,1.78,0.1,0.02,1.1
000550,江铃汽车,2025-08-25,20.8,20.72,20.88,20.6,66759,138259258.5,1.35,-0.43,-0.09,1.29
000550,江铃汽车,2025-08-26,20.66,21.04,21.19,20.61,76355,159791691.17,2.8,1.54,0.32,1.47
000550,江铃汽车,2025-08-27,21.17,20.93,22.12,20.9,141636,304549558.06,5.8,-0.52,-0.11,2.73
000550,江铃汽车,2025-08-28,20.85,20.56,21.11,20.05,106661,219274749.16,5.06,-1.77,-0.37,2.06
000550,江铃汽车,2025-08-29,20.61,20.7,20.95,20.41,63089,130771861.45,2.63,0.68,0.14,1.22
000550,江铃汽车,2025-09-01,20.7,21.67,21.84,20.56,155213,331507535.06,6.18,4.69,0.97,2.99
000550,江铃汽车,2025-09-02,21.64,21.18,21.64,20.99,71965,152645336.8,3.0,-2.26,-0.49,1.39
000550,江铃汽车,2025-09-03,21.2,20.72,21.41,20.68,53068,111383421.44,3.45,-2.17,-0.46,1.02
000550,江铃汽车,2025-09-04,20.82,20.83,21.1,20.5,60584,126166933.82,2.9,0.53,0.11,1.17
000550,江铃汽车,2025-09-05,20.85,21.35,21.39,20.85,66096,139962777.27,2.59,2.5,0.52,1.27
000550,江铃汽车,2025-09-08,21.36,21.25,21.36,20.92,64827,137003206.44,2.06,-0.47,-0.1,1.25
000550,江铃汽车,2025-09-09,21.21,21.36,21.52,21.1,60814,129680970.9,1.98,0.52,0.11,1.17
000550,江铃汽车,2025-09-10,21.29,21.03,21.4,21.02,43654,92500820.24,1.78,-1.54,-0.33,0.84
000550,江铃汽车,2025-09-11,21.03,21.34,21.36,20.75,64131,135219331.81,2.9,1.47,0.31,1.24
000550,江铃汽车,2025-09-12,21.26,21.1,21.75,21.05,64760,138381826.2,3.28,-1.12,-0.24,1.25
000550,江铃汽车,2025-09-15,21.11,21.12,21.41,21.05,37324,79087412.88,1.71,0.09,0.02,0.72
000550,江铃汽车,2025-09-16,21.11,20.95,21.13,20.77,43543,91085068.84,1.7,-0.8,-0.17,0.84
000550,江铃汽车,2025-09-17,20.95,21.08,21.16,20.81,38621,81183365.23,1.67,0.62,0.13,0.74
000550,江铃汽车,2025-09-18,21.08,20.72,21.23,20.54,56745,118515158.9,3.27,-1.71,-0.36,1.09
000550,江铃汽车,2025-09-19,20.61,20.76,20.87,20.48,45336,93724587.0,1.88,0.19,0.04,0.87
000550,江铃汽车,2025-09-22,20.76,20.89,21.19,20.73,49376,103601783.1,2.22,0.63,0.13,0.95
000550,江铃汽车,2025-09-23,20.89,20.55,20.96,20.31,47028,96466351.4,3.11,-1.63,-0.34,0.91
000550,江铃汽车,2025-09-24,21.26,21.6,22.5,21.26,222148,485910587.36,6.03,5.11,1.05,4.28
000550,江铃汽车,2025-09-25,21.54,21.43,21.95,21.12,120153,257984880.16,3.84,-0.79,-0.17,2.32
000550,江铃汽车,2025-09-26,21.4,21.21,21.72,21.21,67745,144976509.86,2.38,-1.03,-0.22,1.31
000550,江铃汽车,2025-09-29,21.22,21.34,21.4,20.99,61001,129503090.9,1.93,0.61,0.13,1.18
000550,江铃汽车,2025-09-30,21.22,21.15,21.3,21.02,61540,130005171.0,1.31,-0.89,-0.19,1.19
000550,江铃汽车,2025-10-09,21.08,21.18,21.27,21.01,57434,121359994.86,1.23,0.14,0.03,1.11
000550,江铃汽车,2025-10-10,21.18,21.64,21.76,21.13,90740,196245367.87,2.97,2.17,0.46,1.75
000550,江铃汽车,2025-10-13,21.05,21.11,21.21,20.7,90231,189005347.4,2.36,-2.45,-0.53,1.74
000550,江铃汽车,2025-10-14,21.11,20.95,21.47,20.92,67419,142638254.16,2.61,-0.76,-0.16,1.3
000550,江铃汽车,2025-10-15,20.91,21.84,21.88,20.91,122640,264412157.44,4.63,4.25,0.89,2.37
000550,江铃汽车,2025-10-16,21.93,21.58,21.94,21.54,83754,181865584.28,1.83,-1.19,-0.26,1.62
000550,江铃汽车,2025-10-17,21.57,20.83,21.71,20.8,89750,190063894.0,4.22,-3.48,-0.75,1.73
000550,江铃汽车,2025-10-20,21.0,21.49,21.63,20.86,95504,203379151.68,3.7,3.17,0.66,1.84
000550,江铃汽车,2025-10-21,21.5,21.78,21.94,21.43,84695,184331468.64,2.37,1.35,0.29,1.63
000550,江铃汽车,2025-10-22,21.0,20.53,21.15,20.48,182467,377038792.44,3.08,-5.74,-1.25,3.52
000550,江铃汽车,2025-10-23,20.48,20.35,20.48,20.11,81359,164758980.69,1.8,-0.88,-0.18,1.57
000550,江铃汽车,2025-10-24,20.45,20.35,20.62,20.3,55405,113398063.2,1.57,0.0,0.0,1.07
000550,江铃汽车,2025-10-27,20.37,20.35,20.56,20.34,49078,100107687.19,1.08,0.0,0.0,0.95
000550,江铃汽车,2025-10-28,20.36,20.1,20.36,20.04,54580,109915284.72,1.57,-1.23,-0.25,1.05
000550,江铃汽车,2025-10-29,20.1,20.24,20.24,19.86,44774,89752775.38,1.89,0.7,0.14,0.86
000550,江铃汽车,2025-10-30,20.21,20.0,20.21,19.96,41175,82605450.0,1.24,-1.19,-0.24,0.79
000550,江铃汽车,2025-10-31,19.99,20.06,20.08,19.92,31497,63096082.0,0.8,0.3,0.06,0.61
000550,江铃汽车,2025-11-03,20.12,19.92,20.13,19.86,48457,96585787.26,1.35,-0.7,-0.14,0.93
000550,江铃汽车,2025-11-04,19.91,19.58,19.95,19.48,53329,105015560.25,2.36,-1.71,-0.34,1.03
000550,江铃汽车,2025-11-05,19.45,19.53,19.57,19.38,32113,62576630.72,0.97,-0.26,-0.05,0.62
000550,江铃汽车,2025-11-06,19.59,19.54,19.6,19.49,29118,56901797.47,0.56,0.05,0.01,0.56
000550,江铃汽车,2025-11-07,19.48,19.42,19.58,19.4,31868,61975448.68,0.92,-0.61,-0.12,0.61
000550,江铃汽车,2025-11-10,19.38,19.58,19.59,19.17,40023,77645540.38,2.16,0.82,0.16,0.77
000550,江铃汽车,2025-11-11,19.54,19.53,19.6,19.49,27246,53223072.31,0.56,-0.26,-0.05,0.53
000550,江铃汽车,2025-11-12,19.6,19.47,19.6,19.45,20019,39048592.6,0.77,-0.31,-0.06,0.39
000550,江铃汽车,2025-11-13,19.51,19.56,19.59,19.43,23101,45138228.71,0.82,0.46,0.09,0.45
000550,江铃汽车,2025-11-14,19.5,19.56,19.8,19.48,30378,59628483.75,1.64,0.0,0.0,0.59
000550,江铃汽车,2025-11-17,19.56,19.67,19.68,19.5,32827,64356724.32,0.92,0.56,0.11,0.63
000550,江铃汽车,2025-11-18,19.62,19.4,19.66,19.32,33382,64871354.24,1.73,-1.37,-0.27,0.64
000550,江铃汽车,2025-11-19,19.38,19.27,19.52,19.25,28434,55028317.84,1.39,-0.67,-0.13,0.55
000550,江铃汽车,2025-11-20,19.35,19.03,19.35,18.98,33375,63889683.77,1.92,-1.25,-0.24,0.64
000550,江铃汽车,2025-11-21,18.96,18.67,19.06,18.6,33724,63271053.88,2.42,-1.89,-0.36,0.65
000550,江铃汽车,2025-11-24,18.67,18.7,18.78,18.55,19667,36706459.0,1.23,0.16,0.03,0.38
000550,江铃汽车,2025-11-25,18.78,18.9,18.98,18.67,23279,44002693.12,1.66,1.07,0.2,0.45
000550,江铃汽车,2025-11-26,18.9,18.66,18.97,18.65,19771,37217888.44,1.69,-1.27,-0.24,0.38
000550,江铃汽车,2025-11-27,18.71,18.69,18.8,18.6,14175,26512051.4,1.07,0.16,0.03,0.27
000550,江铃汽车,2025-11-28,18.74,18.84,18.85,18.57,14315,26810595.99,1.5,0.8,0.15,0.28
000550,江铃汽车,2025-12-01,18.87,18.77,18.91,18.68,26581,49928484.31,1.22,-0.37,-0.07,0.51
000550,江铃汽车,2025-12-02,18.74,18.8,18.86,18.69,17268,32443136.0,0.91,0.16,0.03,0.33
000550,江铃汽车,2025-12-03,18.8,18.66,18.83,18.6,17193,32128499.5,1.22,-0.74,-0.14,0.33
000550,江铃汽车,2025-12-04,18.62,18.72,18.75,18.48,19339,36046968.0,1.45,0.32,0.06,0.37
000550,江铃汽车,2025-12-05,18.71,18.73,18.78,18.57,20986,39132020.0,1.12,0.05,0.01,0.4
000550,江铃汽车,2025-12-08,18.78,18.49,18.79,18.48,40897,76008527.27,1.66,-1.28,-0.24,0.79
000550,江铃汽车,2025-12-09,18.47,17.98,18.47,17.94,50793,92440266.0,2.87,-2.76,-0.51,0.98
000550,江铃汽车,2025-12-10,17.99,17.97,18.08,17.78,37303,66840518.48,1.67,-0.06,-0.01,0.72
000550,江铃汽车,2025-12-11,17.95,17.83,18.05,17.8,17089,30610387.61,1.39,-0.78,-0.14,0.33
000550,江铃汽车,2025-12-12,17.81,18.51,18.7,17.7,72473,133071948.26,5.61,3.81,0.68,1.4
000550,江铃汽车,2025-12-15,18.5,18.4,18.5,18.25,26305,48363763.56,1.35,-0.59,-0.11,0.51
000550,江铃汽车,2025-12-16,18.56,18.45,18.6,18.31,29071,53630021.87,1.58,0.27,0.05,0.56
000550,江铃汽车,2025-12-17,18.42,18.56,18.6,18.38,25449,47055610.21,1.19,0.6,0.11,0.49
000550,江铃汽车,2025-12-18,18.56,18.29,18.56,18.29,24201,44533590.0,1.45,-1.45,-0.27,0.47
000550,江铃汽车,2025-12-19,18.37,18.52,18.64,18.29,29111,53963199.24,1.91,1.26,0.23,0.56
000550,江铃汽车,2025-12-22,18.52,18.7,18.85,18.52,29992,56219759.9,1.78,0.97,0.18,0.58
000550,江铃汽车,2025-12-23,18.69,18.55,18.76,18.53,16558,30793565.54,1.23,-0.8,-0.15,0.32
000550,江铃汽车,2025-12-24,18.56,18.61,18.69,18.51,17402,32381140.0,0.97,0.32,0.06,0.34
000550,江铃汽车,2025-12-25,18.64,18.64,18.69,18.52,15226,28382587.0,0.91,0.16,0.03,0.29
000550,江铃汽车,2025-12-26,18.65,18.78,18.87,18.6,31746,59674170.8,1.45,0.75,0.14,0.61
000550,江铃汽车,2025-12-29,18.73,18.85,18.95,18.69,27326,51539130.0,1.38,0.37,0.07,0.53
000550,江铃汽车,2025-12-30,18.85,19.02,19.2,18.76,40733,77683650.87,2.33,0.9,0.17,0.79
000550,江铃汽车,2025-12-31,19.05,18.6,19.18,18.59,44156,83069293.48,3.1,-2.21,-0.42,0.85
000550,江铃汽车,2026-01-05,18.65,18.42,18.77,18.35,46922,86515109.79,2.26,-0.97,-0.18,0.91
000550,江铃汽车,2026-01-06,18.47,18.54,18.68,18.43,46792,86746594.0,1.36,0.65,0.12,0.9
000550,江铃汽车,2026-01-07,18.54,18.26,18.54,18.2,46638,85452509.13,1.83,-1.51,-0.28,0.9
000550,江铃汽车,2026-01-08,18.27,18.21,18.27,18.17,31476,57312156.1,0.55,-0.27,-0.05,0.61
000550,江铃汽车,2026-01-09,18.2,18.21,18.34,18.09,46456,84460894.1,1.37,0.0,0.0,0.9
000550,江铃汽车,2026-01-12,18.25,18.34,18.34,18.16,42173,76989229.88,0.99,0.71,0.13,0.81
000550,江铃汽车,2026-01-13,18.38,18.19,18.43,18.15,46234,84645855.2,1.53,-0.82,-0.15,0.89
000550,江铃汽车,2026-01-14,18.18,18.01,18.3,17.89,50337,91151249.99,2.25,-0.99,-0.18,0.97
000550,江铃汽车,2026-01-15,18.04,18.09,18.21,17.97,29781,53923545.0,1.33,0.44,0.08,0.57
000550,江铃汽车,2026-01-16,18.15,18.03,18.17,17.95,33080,59650389.4,1.22,-0.33,-0.06,0.64
000550,江铃汽车,2026-01-19,18.03,18.16,18.26,17.95,36678,66652020.15,1.72,0.72,0.13,0.71
000550,江铃汽车,2026-01-20,18.18,18.14,18.21,18.05,35626,64607782.0,0.88,-0.11,-0.02,0.69
000550,江铃汽车,2026-01-21,18.08,17.97,18.15,17.95,37166,66973791.49,1.1,-0.94,-0.17,0.72
000550,江铃汽车,2026-01-22,17.97,18.11,18.14,17.96,37299,67251705.56,1.0,0.78,0.14,0.72
000550,江铃汽车,2026-01-23,18.07,18.08,18.15,18.03,35399,64031991.0,0.66,-0.17,-0.03,0.68
000550,江铃汽车,2026-01-26,18.22,18.41,18.43,18.01,87076,159049943.01,2.32,1.83,0.33,1.68
000550,江铃汽车,2026-01-27,18.32,18.41,18.62,18.06,73624,134898572.6,3.04,0.0,0.0,1.42
000550,江铃汽车,2026-01-28,18.34,18.67,18.96,18.28,86099,160469954.0,3.69,1.41,0.26,1.66
000550,江铃汽车,2026-01-29,18.58,18.34,18.64,18.21,67980,125047787.29,2.3,-1.77,-0.33,1.31
000550,江铃汽车,2026-01-30,18.31,18.09,18.38,18.01,56223,102246244.8,2.02,-1.36,-0.25,1.08
000550,江铃汽车,2026-02-02,18.01,17.82,18.23,17.81,60192,108436574.01,2.32,-1.49,-0.27,1.16
000550,江铃汽车,2026-02-03,17.88,17.78,17.99,17.66,49732,88301526.29,1.85,-0.22,-0.04,0.96
000550,江铃汽车,2026-02-04,17.8,17.9,17.92,17.73,41048,73205414.45,1.07,0.67,0.12,0.79
000550,江铃汽车,2026-02-05,17.85,17.95,18.03,17.81,35592,63765006.7,1.23,0.28,0.05,0.69
000550,江铃汽车,2026-02-06,17.86,17.8,17.98,17.8,33591,60070139.31,1.0,-0.84,-0.15,0.65
000550,江铃汽车,2026-02-09,17.91,17.89,18.02,17.83,26523,47494317.46,1.07,0.51,0.09,0.51
000550,江铃汽车,2026-02-10,17.9,17.96,17.98,17.86,19824,35545358.86,0.67,0.39,0.07,0.38
000550,江铃汽车,2026-02-11,17.98,18.0,18.07,17.92,21552,38822512.42,0.84,0.22,0.04,0.42
000550,江铃汽车,2026-02-12,17.99,18.05,18.15,17.88,32512,58575389.35,1.5,0.28,0.05,0.63
000550,江铃汽车,2026-02-13,18.05,17.93,18.1,17.92,32060,57831622.35,1.0,-0.66,-0.12,0.62
000550,江铃汽车,2026-02-24,18.06,18.34,18.38,17.96,54939,99941834.22,2.34,2.29,0.41,1.06
000550,江铃汽车,2026-02-25,18.38,18.55,18.78,18.33,74548,138951249.95,2.45,1.15,0.21,1.44
000550,江铃汽车,2026-02-26,18.6,18.38,18.6,18.3,36313,66799605.64,1.62,-0.92,-0.17,0.7
000550,江铃汽车,2026-02-27,18.37,18.64,18.76,18.28,41376,76899244.47,2.61,1.41,0.26,0.8
000550,江铃汽车,2026-03-02,18.46,18.39,18.63,18.15,54153,99345218.0,2.58,-1.34,-0.25,1.04
000550,江铃汽车,2026-03-03,18.36,17.98,18.6,17.93,61199,111111010.4,3.64,-2.23,-0.41,1.18
000550,江铃汽车,2026-03-04,17.9,17.62,18.0,17.45,55393,97865902.11,3.06,-2.0,-0.36,1.07
000550,江铃汽车,2026-03-05,17.75,17.85,18.08,17.65,46368,83094414.0,2.44,1.31,0.23,0.89
000550,江铃汽车,2026-03-06,17.84,18.08,18.1,17.75,26508,47749675.88,1.96,1.29,0.23,0.51
000550,江铃汽车,2026-03-09,18.0,17.78,18.05,17.7,35501,63233161.0,1.94,-1.66,-0.3,0.68
000550,江铃汽车,2026-03-10,17.88,17.99,17.99,17.85,19592,35134239.78,0.79,1.18,0.21,0.38
000550,江铃汽车,2026-03-11,18.05,18.2,18.23,17.86,36330,65604669.47,2.06,1.17,0.21,0.7
000550,江铃汽车,2026-03-12,18.1,18.07,18.21,18.05,23416,42440500.0,0.88,-0.71,-0.13,0.45
000550,江铃汽车,2026-03-13,18.09,17.9,18.19,17.85,30005,54100905.0,1.88,-0.94,-0.17,0.58
000550,江铃汽车,2026-03-16,17.88,18.01,18.06,17.8,29074,52130003.96,1.45,0.61,0.11,0.56
000550,江铃汽车,2026-03-17,18.05,18.25,18.52,17.98,63509,116609010.02,3.0,1.33,0.24,1.22
000550,江铃汽车,2026-03-18,18.25,17.89,18.81,17.81,90592,164822221.08,5.48,-1.97,-0.36,1.75
000550,江铃汽车,2026-03-19,17.77,17.6,17.85,17.5,49630,87488707.39,1.96,-1.62,-0.29,0.96
000550,江铃汽车,2026-03-20,17.6,17.41,17.73,17.4,37836,66372786.0,1.88,-1.08,-0.19,0.73
000550,江铃汽车,2026-03-23,17.24,16.55,17.24,16.51,64455,108043810.06,4.19,-4.94,-0.86,1.24
000550,江铃汽车,2026-03-24,16.7,16.89,16.93,16.52,32391,54197745.58,2.48,2.05,0.34,0.62
000550,江铃汽车,2026-03-25,16.91,17.24,17.33,16.82,26311,45030533.76,3.02,2.07,0.35,0.51
000550,江铃汽车,2026-03-26,17.26,17.46,17.84,17.15,48678,85685146.0,4.0,1.28,0.22,0.94
000550,江铃汽车,2026-03-27,17.3,17.45,17.52,17.28,22752,39607652.0,1.37,-0.06,-0.01,0.44
